<?xml version="1.0" encoding="utf-8"?>
<extension type="component" version="1.5.0" method="upgrade">
  <name>All Video Share</name>
  <author>MrVinoth</author>
  <creationDate>June 2014</creationDate>
  <copyright>Copyright (c) 2012 - 2014 MrVinoth. All rights reserved.</copyright>
  <authorEmail>admin@mrvinoth.com</authorEmail>
  <authorUrl>mrvinoth.com</authorUrl>
  <version>2.3.0</version>
  <license>http://www.gnu.org/licenses/gpl-2.0.html GNU/GPL</license>
  <description>
    <![CDATA[<div style="font-size:13px; font-weight:normal; color:green; text-align:left; margin:0px; padding:5px;">Thank you for installing <u>All Video Share</u> by MrVinoth. The complete video sharing solution for your joomla websites.</div>]]>
  </description>
  <installfile>install.allvideoshare.php</installfile>
  <uninstallfile>uninstall.allvideoshare.php</uninstallfile>
  <scriptfile>script.allvideoshare.php</scriptfile>
  <install>
    <sql>
      <file charset="utf8" driver="mysql">install.sql</file>
      <file driver="mysql">install.mysql4.sql</file>
      <file charset="utf8" driver="mysqli">install.sql</file>
      <file driver="mysqli">install.mysql4.sql</file>
    </sql>
  </install>
  <uninstall>
    <sql>
      <file charset="utf8" driver="mysql">uninstall.sql</file>
      <file driver="mysql">uninstall.sql</file>
      <file charset="utf8" driver="mysqli">uninstall.sql</file>
      <file driver="mysqli">uninstall.sql</file>
    </sql>
  </uninstall>
  <languages folder="components/language">
    <language tag="en-GB">en-GB/en-GB.com_allvideoshare.ini</language>
  </languages>
  <files folder="components/com_allvideoshare">
    <folder>assets</folder>
    <folder>css</folder>
    <folder>js</folder>
    <folder>models</folder>
    <folder>views</folder>
    <folder>controllers</folder>
    <filename>index.html</filename>
    <filename>allvideoshare.php</filename>
	<filename>komento_plugin.php</filename>
    <filename>router.php</filename>
    <filename>player.swf</filename>
  </files>
  <administration>
    <menu img="components/com_allvideoshare/assets/allvideoshare.png">COM_ALLVIDEOSHARE</menu>
    <files folder="administrator/components/com_allvideoshare">
      <folder>assets</folder>
      <folder>css</folder>
      <folder>elements</folder>
      <folder>etc</folder>
      <folder>tables</folder>
      <folder>models</folder>
      <folder>views</folder>
      <folder>controllers</folder>
      <filename>allvideoshare.php</filename>
      <filename>index.html</filename>
      <filename>install.mysql4.sql</filename>
      <filename>install.sql</filename>
      <filename>uninstall.sql</filename>
    </files>
    <languages folder="administrator/language">
      <language tag="en-GB">en-GB/en-GB.com_allvideoshare.ini</language>
      <language tag="en-GB">en-GB/en-GB.com_allvideoshare.menu.ini</language>
      <language tag="en-GB">en-GB/en-GB.com_allvideoshare.sys.ini</language>
    </languages>
  </administration>
  <modules>
    <module module="mod_allvideoshareplayer" client="site" />
    <module module="mod_allvideosharegallery" client="site" />
    <module module="mod_allvideosharesearch" client="site" />
  </modules>
  <plugins>
    <plugin plugin="allvideoshareplayer" group="content" />
  </plugins>
</extension>