<?xml version="1.0" encoding="UTF-8"?>
<cbinstall version="1.0" type="plugin" group="user">
	<name>CB Joomlaquiz Tab</name>
	<author>JoomPlace.com</author>
	<creationDate>20 August 2012</creationDate>
	<copyright>(C) JoomPlace, www.joomplace.com</copyright>
	<license>GNU/GPL http://www.gnu.org/copyleft/gpl.html</license>
	<authorEmail>support@joomplace.com</authorEmail>
	<authorUrl>www.joomplace.com</authorUrl>
	<version>2.0.9</version>
	<description>JoomlaQuiz plugin for Community Builder.</description>
	<files>
		<filename plugin="cb.myquizzes">cb.myquizzes.php</filename>
		<filename>cb.myquizzes.xml</filename>
		<filename>style.css</filename>
		<filename>jquery-1.8.0.min.js</filename>
		<filename>index.html</filename>
	</files>
    <params>	
    </params>	
    <tabs>
    	<tab name="CB Joomlaquiz Tab" description="" class="getCommunityMyQuizzes" fields="0" position="cb_main" displaytype="tab">
			<params>
				<param name="category" type="text" default="" label="Category" description="Show only quizzes form categories listed in this textfield (seperated by comma eg. 1,2,3). Leave it blank to display all quizzes." />
				<param name="limit" type="text" default="50" label="Limit" description="Limit the length of the quiz short description (default is 50)." />
				<param name="count" type="text" default="10" label="Count" description="The number of quizzes to display per page(default is 10)" />
				<param name="introtext" type="list" default="0" label="Short description" description="Select whether to display the short description of the quiz.">
					<option value="1">Yes</option>
					<option value="0">No</option>
				</param>
		
				<param name="display_notactive" type="list" default="1" label="Display not active" description="Display not active quizzes.">
					<option value="1">Yes</option>
					<option value="0">No</option>
				</param>
			</params>
			<fields>
			</fields>
		</tab>
    </tabs>   
    <install>
    	<queries>
    	</queries>
    </install>
    <uninstall>
        <queries>
    	</queries>
    </uninstall>
	<database>
	</database>
</cbinstall>