<?xml version="1.0" encoding="utf-8"?>
<extension type="module" version="1.5.0" client="site" method="upgrade">
  <name>All Video Share Player</name>
  <author>MrVinoth</author>
  <creationDate>June 2014</creationDate>
  <copyright>Copyright (c) 2012 - 2014 MrVinoth. All rights reserved.</copyright>
  <authorEmail>admin@mrvinoth.com</authorEmail>
  <authorUrl>mrvinoth.com</authorUrl>
  <version>2.3.0</version>
  <license>http://www.gnu.org/licenses/gpl-2.0.html GNU/GPL</license>
  <description>Add Videos to all your Module Positions.</description>
  <files>
    <filename module="mod_allvideoshareplayer">mod_allvideoshareplayer.php</filename>
    <filename>index.html</filename>
    <filename>helper.php</filename>
  </files>
  <languages folder="language">
    <language tag="en-GB">en-GB/en-GB.mod_allvideoshareplayer.ini</language>
  </languages>
  <params addpath="/administrator/components/com_allvideoshare/elements">
    <param name="playerid" type="players" default="1" label="SELECT_PLAYER_LABEL" description="SELECT_PLAYER_DESCRIPTION" />
    <param name="videoid" type="videos" default="1" label="SELECT_VIDEO_LABEL" description="SELECT_VIDEO_DESCRIPTION" />
    <param name="width" type="text" default="" label="WIDTH_LABEL" description="WIDTH_DESCRIPTION" />
    <param name="height" type="text" default="" label="HEIGHT_LABEL" description="HEIGHT_DESCRIPTION" />
    <param name="title" type="radio" default="0" label="SHOW_VIDEO_TITLE_LABEL" description="SHOW_VIDEO_TITLE_DESCRIPTION" >
      <option value="0">No</option>
      <option value="1">Yes</option>
    </param>
    <param name="description" type="radio" default="0" label="SHOW_VIDEO_DESCRIPTION_LABEL" description="SHOW_VIDEO_DESCRIPTION" >
      <option value="0">No</option>
      <option value="1">Yes</option>
    </param>
    <param name="autodetect" type="radio" default="1" label="AUTO_DETECT_VIDEO_LABEL" description="AUTO_DETECT_VIDEO_DESCRIPTION" >
      <option value="0">No</option>
      <option value="1">Yes</option>
    </param>
    <param name="cache" type="list" default="0" label="CACHE_LABEL" description="CACHE_DESCRIPTION">
      <option value="0">Never</option>
    </param>
    <param name="moduleclass_sfx" type="text" default="" label="MODULE_CLASS_SUFFIX_LABEL" description="MODULE_CLASS_SUFFIX_DESCRIPTION" size="60" />
  </params>
  <config>
    <fields name="params">
      <fieldset name="basic">
        <field name="playerid" type="sql" default="1" label="SELECT_PLAYER_LABEL" description="SELECT_PLAYER_DESCRIPTION"  
			query="select id, name from #__allvideoshare_players where published=1 order by name ASC" key_field="id" value_field="name" ></field>
        <field name="videoid" type="sql" default="latest" label="SELECT_VIDEO_LABEL" description="SELECT_VIDEO_DESCRIPTION"  
			query="select id, title from #__allvideoshare_videos where published=1 order by title ASC" key_field="id" value_field="title" >
          <option value="latest">LATEST_VIDEO</option>
          <option value="popular">POPULAR_VIDEO</option>
        </field>
        <field name="width" type="text" default="" label="WIDTH_LABEL" description="WIDTH_DESCRIPTION" />
        <field name="height" type="text" default="" label="HEIGHT_LABEL" description="HEIGHT_DESCRIPTION" />
        <field name="title" type="list" default="0" label="SHOW_VIDEO_TITLE_LABEL" description="SHOW_VIDEO_TITLE_DESCRIPTION" >
          <option value="0">No</option>
          <option value="1">Yes</option>
        </field>
        <field name="description" type="list" default="0" label="SHOW_VIDEO_DESCRIPTION_LABEL" description="SHOW_VIDEO_DESCRIPTION" >
          <option value="0">No</option>
          <option value="1">Yes</option>
        </field>
        <field name="autodetect" type="list" default="1" label="AUTO_DETECT_VIDEO_LABEL" description="AUTO_DETECT_VIDEO_DESCRIPTION" >
          <option value="0">No</option>
          <option value="1">Yes</option>
        </field>
        <field name="cache" type="list" default="0" label="CACHE_LABEL" description="CACHE_DESCRIPTION">
          <option value="0">Never</option>
        </field>
        <field name="moduleclass_sfx" type="text" default="" label="MODULE_CLASS_SUFFIX_LABEL" description="MODULE_CLASS_SUFFIX_DESCRIPTION" size="60" />
      </fieldset>
    </fields>
  </config>
</extension>